{
  "volume_shape": [
    200,
    200,
    200
  ],
  "channels": {
    "density": {
      "count": 80000000000.0,
      "mean": 2.7587682082544513,
      "std": 0.2034423099170311,
      "min": 1.1929479837417603,
      "max": 4.749114990234375,
      "skewness": 1.0223551964971085,
      "excess_kurtosis": 6.96256050385723,
      "fraction_positive": 1.0,
      "fraction_negative": 0.0,
      "fraction_zero": 0.0,
      "log1p": {
        "count": 80000000000.0,
        "mean": 1.32266087957175,
        "std": 0.053265027678122016,
        "min": 0.785246729850769,
        "max": 1.749045968055725,
        "skewness": 0.38503693670445277,
        "excess_kurtosis": 6.427880760587135,
        "fraction_positive": 1.0,
        "fraction_negative": 0.0,
        "fraction_zero": 0.0,
        "percentiles": {
          "p001": 1.0439233779907227,
          "p010": 1.194076657295227,
          "p050": 1.2494713068008423,
          "p500": 1.3199357390403748,
          "p950": 1.407103419303894,
          "p990": 1.4934996366500854,
          "p999": 1.614473819732666
        }
      },
      "percentiles": {
        "p001": 1.840338945388794,
        "p010": 2.300508975982666,
        "p050": 2.4884979724884033,
        "p500": 2.743180990219116,
        "p950": 3.0841081142425537,
        "p990": 3.452651023864746,
        "p999": 4.025242805480957
      }
    },
    "susceptibility": {
      "count": 80000000000.0,
      "mean": 0.014020664450446467,
      "std": 0.17972372738379874,
      "min": 0.0,
      "max": 23.67860221862793,
      "skewness": 71.88982321955157,
      "excess_kurtosis": 6818.174843639236,
      "fraction_positive": 0.9988628371625,
      "fraction_negative": 0.0,
      "fraction_zero": 0.0011371628375,
      "log1p": {
        "count": 80000000000.0,
        "mean": 0.010781782471207053,
        "std": 0.05947502223333226,
        "min": 0.0,
        "max": 3.2059366703033447,
        "skewness": 21.033136802852482,
        "excess_kurtosis": 686.5944550112667,
        "fraction_positive": 0.9988628371625,
        "fraction_negative": 0.0,
        "fraction_zero": 0.0011371628375,
        "percentiles": {
          "p001": 0.0,
          "p010": 2.999995558639057e-06,
          "p050": 1.5999872630345635e-05,
          "p500": 0.0008366499678231776,
          "p950": 0.04114904701709744,
          "p990": 0.1769731044769287,
          "p999": 0.9035908579826355
        }
      },
      "percentiles": {
        "p001": 0.0,
        "p010": 3.000000106112566e-06,
        "p050": 1.5999999959603883e-05,
        "p500": 0.0008370000286959112,
        "p950": 0.042007401213049855,
        "p990": 0.19359900057315826,
        "p999": 1.4684510231018066
      }
    }
  }
}