{
  "count": [
    15624650752.0
  ],
  "mean": [
    0.012886906042695045,
    0.0007151523604989052,
    -0.0009025654289871454,
    0.014930316247045994,
    0.002958436729386449,
    -0.019106190651655197,
    -0.03690619766712189,
    -0.0071360389702022076,
    0.04822610691189766,
    -0.022822698578238487,
    -0.03237340226769447,
    -0.039392199367284775,
    -0.009500261396169662,
    -0.010150252841413021,
    0.019891630858182907,
    -0.018327930942177773,
    -0.0037071669939905405,
    0.008950958028435707,
    -0.024844137951731682,
    -0.07281528413295746,
    0.014957735314965248,
    -0.01266955304890871,
    -0.045012883841991425,
    -0.03055744431912899,
    -0.07592907547950745,
    0.01838628202676773,
    -0.05426333472132683,
    0.04486733302474022,
    0.05849494785070419,
    0.01835782080888748,
    -0.0022969935089349747,
    -0.012901966460049152,
    0.010969780385494232,
    0.005024984944611788,
    0.002654670039191842,
    -0.013998392969369888,
    0.03044775500893593,
    -0.00534922257065773,
    -0.027008801698684692,
    -0.05152485892176628,
    0.05157461017370224,
    0.028892187401652336,
    0.06413568556308746,
    -0.00953487679362297,
    0.05606348067522049,
    -0.013646717183291912,
    -0.004608072806149721,
    0.04642146825790405
  ],
  "std": [
    0.09473984688520432,
    0.045086804777383804,
    0.24940288066864014,
    0.2868538200855255,
    0.058541473001241684,
    0.19164325296878815,
    0.24896202981472015,
    0.04997774586081505,
    0.23194991052150726,
    0.20087699592113495,
    0.2239333540201187,
    0.22196654975414276,
    0.09491494297981262,
    0.12751555442810059,
    0.07939758896827698,
    0.07038606703281403,
    0.0732853040099144,
    0.12465816736221313,
    0.11521021276712418,
    0.33334100246429443,
    0.09753783047199249,
    0.0799771249294281,
    0.20682880282402039,
    0.2488311380147934,
    0.5265721678733826,
    0.10034431517124176,
    0.2360135167837143,
    0.652493417263031,
    0.21047423779964447,
    0.19521334767341614,
    0.03907101973891258,
    0.33847862482070923,
    0.23420515656471252,
    0.13190685212612152,
    0.0563141293823719,
    0.0847991332411766,
    0.13161085546016693,
    0.14295846223831177,
    0.16161727905273438,
    0.24800315499305725,
    0.40466803312301636,
    0.29012420773506165,
    0.4718029499053955,
    0.08818937838077545,
    0.5391169190406799,
    0.1820732057094574,
    0.10627614706754684,
    0.28612983226776123
  ]
}