{
  "count": [
    7999821185024.0
  ],
  "mean": [
    2.7701616287231445,
    -3.069148063659668
  ],
  "std": [
    0.213492289185524,
    1.023114562034607
  ]
}