{
  "count": [
    8001558675456.0
  ],
  "mean": [
    2.7695629596710205,
    0.014037106186151505
  ],
  "std": [
    0.21730655431747437,
    0.6311845183372498
  ]
}