{
  "count": [
    13824329728.0
  ],
  "mean": [
    1.1613484621047974,
    1.349219799041748,
    -0.4867287576198578,
    1.3473385572433472
  ],
  "std": [
    1.0796282291412354,
    0.6885955333709717,
    0.9652585983276367,
    1.1966208219528198
  ],
  "mean_exp_logvar": [
    0.004759400151669979,
    0.014505323953926563,
    0.1289498209953308,
    0.004356784746050835
  ]
}