{
  "count": [
    2384401268736.0
  ],
  "mean": [
    2.7790772914886475,
    -2.649709701538086
  ],
  "std": [
    0.20804333686828613,
    1.1567935943603516
  ]
}